<application>
  <component name="libraryTable">
    <library name="Bundled Protobuf Distribution">
      <CLASSES />
      <JAVADOC />
      <SOURCES>
        <root url="jar://$APPLICATION_PLUGINS_DIR$/protobuf-jetbrains-plugin/lib/protobuf-java-3.6.1-sources.jar!/" />
      </SOURCES>
    </library>
    <library name="Python 2.7 interpreter library">
      <CLASSES>
        <root url="file:///usr/lib/python2.7" />
        <root url="file:///usr/lib/python2.7/plat-linux2" />
        <root url="file:///usr/lib/python2.7/lib-tk" />
        <root url="file:///usr/lib/python2.7/lib-dynload" />
        <root url="file:///usr/lib/python2.7/site-packages" />
        <root url="file:///usr/lib/python2.7/site-packages/gtk-2.0" />
        <root url="file://$USER_HOME$/.IntelliJIdea2018.3/system/python_stubs/-1247972723" />
        <root url="file://$APPLICATION_PLUGINS_DIR$/python/helpers/python-skeletons" />
        <root url="file://$APPLICATION_PLUGINS_DIR$/python/helpers/typeshed/stdlib/2" />
        <root url="file://$APPLICATION_PLUGINS_DIR$/python/helpers/typeshed/stdlib/2and3" />
        <root url="file://$APPLICATION_PLUGINS_DIR$/python/helpers/typeshed/third_party/2" />
        <root url="file://$APPLICATION_PLUGINS_DIR$/python/helpers/typeshed/third_party/2and3" />
      </CLASSES>
      <JAVADOC />
      <SOURCES>
        <root url="file:///usr/lib/python2.7" />
        <root url="file:///usr/lib/python2.7/plat-linux2" />
        <root url="file:///usr/lib/python2.7/lib-tk" />
        <root url="file:///usr/lib/python2.7/lib-dynload" />
        <root url="file:///usr/lib/python2.7/site-packages" />
        <root url="file:///usr/lib/python2.7/site-packages/gtk-2.0" />
        <root url="file://$USER_HOME$/.IntelliJIdea2018.3/system/python_stubs/-1247972723" />
        <root url="file://$APPLICATION_PLUGINS_DIR$/python/helpers/python-skeletons" />
        <root url="file://$APPLICATION_PLUGINS_DIR$/python/helpers/typeshed/stdlib/2" />
        <root url="file://$APPLICATION_PLUGINS_DIR$/python/helpers/typeshed/stdlib/2and3" />
        <root url="file://$APPLICATION_PLUGINS_DIR$/python/helpers/typeshed/third_party/2" />
        <root url="file://$APPLICATION_PLUGINS_DIR$/python/helpers/typeshed/third_party/2and3" />
      </SOURCES>
    </library>
    <library name="Python 3.7 (venv) interpreter library">
      <CLASSES>
        <root url="file:///usr/lib/python3.7" />
        <root url="file:///usr/lib/python3.7/lib-dynload" />
        <root url="file://$USER_HOME$/code/venv/lib/python3.7/site-packages" />
        <root url="jar://$USER_HOME$/code/venv/lib/python3.7/site-packages/setuptools-39.1.0-py3.7.egg!/" />
        <root url="file://$USER_HOME$/code/venv/lib/python3.7/site-packages/pip-10.0.1-py3.7.egg" />
        <root url="file://$USER_HOME$/.IntelliJIdea2018.3/system/python_stubs/-1046919219" />
        <root url="file://$APPLICATION_PLUGINS_DIR$/python/helpers/python-skeletons" />
        <root url="file://$APPLICATION_PLUGINS_DIR$/python/helpers/typeshed/stdlib/3" />
        <root url="file://$APPLICATION_PLUGINS_DIR$/python/helpers/typeshed/stdlib/2and3" />
        <root url="file://$APPLICATION_PLUGINS_DIR$/python/helpers/typeshed/third_party/3" />
        <root url="file://$APPLICATION_PLUGINS_DIR$/python/helpers/typeshed/third_party/2and3" />
      </CLASSES>
      <JAVADOC />
      <SOURCES>
        <root url="file:///usr/lib/python3.7" />
        <root url="file:///usr/lib/python3.7/lib-dynload" />
        <root url="file://$USER_HOME$/code/venv/lib/python3.7/site-packages" />
        <root url="jar://$USER_HOME$/code/venv/lib/python3.7/site-packages/setuptools-39.1.0-py3.7.egg!/" />
        <root url="file://$USER_HOME$/code/venv/lib/python3.7/site-packages/pip-10.0.1-py3.7.egg" />
        <root url="file://$USER_HOME$/.IntelliJIdea2018.3/system/python_stubs/-1046919219" />
        <root url="file://$APPLICATION_PLUGINS_DIR$/python/helpers/python-skeletons" />
        <root url="file://$APPLICATION_PLUGINS_DIR$/python/helpers/typeshed/stdlib/3" />
        <root url="file://$APPLICATION_PLUGINS_DIR$/python/helpers/typeshed/stdlib/2and3" />
        <root url="file://$APPLICATION_PLUGINS_DIR$/python/helpers/typeshed/third_party/3" />
        <root url="file://$APPLICATION_PLUGINS_DIR$/python/helpers/typeshed/third_party/2and3" />
      </SOURCES>
    </library>
    <library name="Python 3.7 interpreter library">
      <CLASSES>
        <root url="file:///usr/lib/python3.7" />
        <root url="file:///usr/lib/python3.7/lib-dynload" />
        <root url="file:///usr/lib/python3.7/site-packages" />
        <root url="file://$USER_HOME$/.IntelliJIdea2018.3/system/python_stubs/-1247971762" />
        <root url="file://$APPLICATION_PLUGINS_DIR$/python/helpers/python-skeletons" />
        <root url="file://$APPLICATION_PLUGINS_DIR$/python/helpers/typeshed/stdlib/3" />
        <root url="file://$APPLICATION_PLUGINS_DIR$/python/helpers/typeshed/stdlib/2and3" />
        <root url="file://$APPLICATION_PLUGINS_DIR$/python/helpers/typeshed/third_party/3" />
        <root url="file://$APPLICATION_PLUGINS_DIR$/python/helpers/typeshed/third_party/2and3" />
      </CLASSES>
      <JAVADOC />
      <SOURCES>
        <root url="file:///usr/lib/python3.7" />
        <root url="file:///usr/lib/python3.7/lib-dynload" />
        <root url="file:///usr/lib/python3.7/site-packages" />
        <root url="file://$USER_HOME$/.IntelliJIdea2018.3/system/python_stubs/-1247971762" />
        <root url="file://$APPLICATION_PLUGINS_DIR$/python/helpers/python-skeletons" />
        <root url="file://$APPLICATION_PLUGINS_DIR$/python/helpers/typeshed/stdlib/3" />
        <root url="file://$APPLICATION_PLUGINS_DIR$/python/helpers/typeshed/stdlib/2and3" />
        <root url="file://$APPLICATION_PLUGINS_DIR$/python/helpers/typeshed/third_party/3" />
        <root url="file://$APPLICATION_PLUGINS_DIR$/python/helpers/typeshed/third_party/2and3" />
      </SOURCES>
    </library>
    <library name="scala-sdk-2.11.12" type="Scala">
      <properties>
        <language-level>Scala_2_11</language-level>
        <compiler-classpath>
          <root url="file://$USER_HOME$/.ivy2/cache/org.scala-lang/scala-reflect/jars/scala-reflect-2.11.12.jar" />
          <root url="file://$USER_HOME$/.ivy2/cache/org.scala-lang/scala-compiler/jars/scala-compiler-2.11.12.jar" />
          <root url="file://$USER_HOME$/.ivy2/cache/org.scala-lang/scala-library/jars/scala-library-2.11.12.jar" />
        </compiler-classpath>
      </properties>
      <CLASSES>
        <root url="jar://$USER_HOME$/.ivy2/cache/org.scala-lang/scala-reflect/jars/scala-reflect-2.11.12.jar!/" />
        <root url="jar://$USER_HOME$/.ivy2/cache/org.scala-lang/scala-library/jars/scala-library-2.11.12.jar!/" />
        <root url="jar://$USER_HOME$/.ivy2/cache/org.scala-lang/scala-reflect/srcs/scala-reflect-2.11.12-sources.jar!/" />
        <root url="jar://$USER_HOME$/.ivy2/cache/org.scala-lang/scala-library/srcs/scala-library-2.11.12-sources.jar!/" />
      </CLASSES>
      <JAVADOC>
        <root url="jar://$USER_HOME$/.ivy2/cache/org.scala-lang/scala-reflect/docs/scala-reflect-2.11.12-javadoc.jar!/" />
        <root url="jar://$USER_HOME$/.ivy2/cache/org.scala-lang/scala-library/docs/scala-library-2.11.12-javadoc.jar!/" />
      </JAVADOC>
      <SOURCES />
    </library>
  </component>
</application>