<application>
  <component name="FileTypeManager" version="17">
    <extensionMap>
      <mapping pattern="*.js.flow" type="Flow" />
      <mapping pattern="*.js.flow" type="Flow" />
      <mapping pattern="fre" type="PLAIN_TEXT" />
      <mapping pattern=".attach_pid9303" type="PLAIN_TEXT" />
      <mapping pattern=".gitattributes" type="PLAIN_TEXT" />
      <mapping pattern="24HSceneService.java" type="PLAIN_TEXT" />
      <mapping ext="keystore" type="PLAIN_TEXT" />
    </extensionMap>
  </component>
</application>