<application>
  <component name="LanguageInjectionConfiguration">
    <injection language="SQL" injector-id="java">
      <display-name>Statement (java.sql)</display-name>
      <place><![CDATA[psiParameter().ofMethod(0, psiMethod().withName("addBatch").withParameters("java.lang.String").definedInClass("java.sql.Statement"))]]></place>
      <place><![CDATA[psiParameter().ofMethod(0, psiMethod().withName("execute").withParameters("java.lang.String").definedInClass("java.sql.Statement"))]]></place>
      <place><![CDATA[psiParameter().ofMethod(0, psiMethod().withName("execute").withParameters("java.lang.String", "int").definedInClass("java.sql.Statement"))]]></place>
      <place><![CDATA[psiParameter().ofMethod(0, psiMethod().withName("execute").withParameters("java.lang.String", "int[]").definedInClass("java.sql.Statement"))]]></place>
      <place><![CDATA[psiParameter().ofMethod(0, psiMethod().withName("execute").withParameters("java.lang.String", "java.lang.String[]").definedInClass("java.sql.Statement"))]]></place>
      <place><![CDATA[psiParameter().ofMethod(0, psiMethod().withName("executeQuery").withParameters("java.lang.String").definedInClass("java.sql.Statement"))]]></place>
      <place disabled="true"><![CDATA[psiParameter().ofMethod(0, psiMethod().withName("executeUpdate").withParameters("java.lang.String").definedInClass("java.sql.Statement"))]]></place>
      <place><![CDATA[psiParameter().ofMethod(0, psiMethod().withName("executeUpdate").withParameters("java.lang.String", "int").definedInClass("java.sql.Statement"))]]></place>
      <place><![CDATA[psiParameter().ofMethod(0, psiMethod().withName("executeUpdate").withParameters("java.lang.String", "int[]").definedInClass("java.sql.Statement"))]]></place>
      <place><![CDATA[psiParameter().ofMethod(0, psiMethod().withName("executeUpdate").withParameters("java.lang.String", "java.lang.String[]").definedInClass("java.sql.Statement"))]]></place>
    </injection>
    <injection language="JAVA" injector-id="xml">
      <display-name>if/@test</display-name>
      <place><![CDATA[xmlAttribute().withLocalName(string().equalTo("test")).withParent(xmlTag().withLocalName(string().equalTo("if")).withNamespace(string().equalTo("http://java.sun.com/jsp/jstl/core")))]]></place>
    </injection>
    <injection language="InjectedFreeMarker" injector-id="xml">
      <display-name>taglib/@uri</display-name>
      <place><![CDATA[xmlAttribute().withLocalName(string().equalTo("uri")).withParent(xmlTag().withLocalName(string().equalTo("taglib")).withNamespace(string().equalTo("http://java.sun.com/JSP/Page")))]]></place>
    </injection>
  </component>
</application>