<application>
  <component name="ToStringTemplates">
    <option name="defaultTempalteName" value="ToStringBuilder (Apache commons-lang)" />
    <option name="templates">
      <list>
        <TemplateResource>
          <option name="fileName" value="ProcessChainTemplate" />
          <option name="template" value="public java.lang.String toString() {&#10;   return new org.apache.commons.lang.builder.ToStringBuilder(this)&#10;#foreach ($member in $members)&#10;   .append(&quot;$member.name&quot;, &#10;org.apache.commons.lang.ClassUtils.getShortCanonicalName($member.accessor, &quot;$member.name&quot;))&#10;#end&#10;   .toString();&#10;}" />
        </TemplateResource>
        <TemplateResource>
          <option name="fileName" value="TabSepTemplate" />
          <option name="template" value="public java.lang.String toString() {&#10;    return new java.lang.StringBuffer()&#10;#set ($i = 0)&#10;#foreach ($member in $members)&#10;    #if ($member.objectArray)&#10;        #if ($i != 0).append('\t')#end.append($member.name == null ? &quot;null&quot; : java.util.Arrays.asList($member.name).toString());&#10;    #elseif ($member.string || $member.primitive || $member.numeric)&#10;        #if ($i != 0).append('\t')#end.append($member.accessor)&#10;    #else&#10;        #if ($i != 0).append('\t')#end.append(JSON.toJSONString($member.accessor))&#10;    #end&#10;    #set ($i = $i + 1)&#10;#end&#10;    .toString();&#10;}" />
        </TemplateResource>
        <TemplateResource>
          <option name="fileName" value="TabConcatTemplate" />
          <option name="template" value="public java.lang.String toString() {&#10;#if ( $members.size() &gt; 0 )&#10;    #set ( $i = 0 )&#10;return #foreach ($member in $members)&#10;    #if ($member.objectArray)&#10;        #if ($i != 0)+ '\t' + #end $member.name == null ? &quot;null&quot; : java.util.Arrays.asList($member.name).toString();&#10;    #elseif ($member.enum)&#10;        #if ($i != 0)+ '\t' + #end ${member.accessor}.name()&#10;    #elseif ($member.string || $member.primitive || $member.numeric)&#10;        #if ($i != 0)+ '\t' + #end $member.accessor&#10;    #else&#10;        #if ($i != 0)+ '\t' + #end com.alibaba.fastjson.JSON.toJSONString($member.accessor)&#10;    #end&#10;    #set ($i = $i + 1)&#10;#end ;&#10;#else&#10;return &quot;&quot;;&#10;#end&#10;}" />
        </TemplateResource>
      </list>
    </option>
  </component>
</application>